{"underground_way": -0.721704623878537, "has_loggia": 0.388543823326432, "construction_year": 1980.2474120082816, "curr_floor": 7.133109040717736, "has_balcony": 0.4522946859903382, "area": 75.03517943409248, "living_area": 38.00978847088382, "underground_time": 10.605676328502415, "kitchen_area": 10.389572421753844, "rooms": 2.097394755003451, "total_floor": 13.522170462387853, "combined_bathroom_count": 1.0703933747412009, "is_center": 0.0}